Analysis_Date,SampleID,Collection_Date,Tide,Time,Time2,Well,Depth,Label,Nitrite_uM,NitrateNitrite_uM,Nitrate_uM,Phosphate_uM,Sample,Ammonia_uM,sample,date,time,tide_height,temperature,salinity,DO,pH,elevation,distance_well1,tide
110322,1,230222,H,1,,W1,D2,230222_H_W1D2,0,270.0850307,270.0850307,36.67620356,230222_H_W1D2,1.872474064,230222_H_W1D2,2/23/22,5:05:00,0.491,12.8,1.4,5.17,8.6,1.76,0,high
110322,2,230222,H,1,,W1,D3,230222_H_W1D3,0,228.961854,228.961854,13.91500329,230222_H_W1D3,0.220354082,230222_H_W1D3,2/23/22,5:05:00,0.491,12.9,0.8,2.94,8.5,-0.11,0,high
110322,3,230222,H,1,,W2,D2,230222_H_W2D2,112.2320033,238.8856761,126.6536728,10.1376126,230222_H_W2D2,13.09685254,230222_H_W2D2,2/23/22,4:48:00,0.569,10.7,5.6,9.76,8.5,1.14,15.42,high
110322,4,230222,H,1,,W2,D3,230222_H_W2D3,0.356972021,483.2687214,482.9117494,71.44756907,230222_H_W2D3,1.364129454,230222_H_W2D3,2/23/22,4:48:00,0.569,12.2,0.9,3.31,9,-0.73,15.42,high
110322,5,230222,H,1,,W3,D2,230222_H_W3D2,0,84.81655208,84.81655208,8.039062223,230222_H_W3D2,2.126646369,230222_H_W3D2,2/23/22,4:20:00,0.662,12,2.7,4.86,8.9,0.51,33.42,high
110322,6,230222,H,1,,W3,D3,230222_H_W3D3,0,140.7897649,140.7897649,14.2055718,230222_H_W3D3,0.474526387,230222_H_W3D3,2/23/22,4:20:00,0.662,12.2,2.7,2.4,8.6,-1.07,33.42,high
110322,7,230222,H,1,,W3,D4,230222_H_W3D4,1.356493678,75.82085716,74.46436348,20.3075106,230222_H_W3D4,1.769311034,230222_H_W3D4,2/23/22,4:20:00,0.662,11.4,7.2,1.83,7.8,-3.57,33.42,high
110322,8,230222,H,1,,W4,D1,230222_H_W4D1,0,67.8246839,67.8246839,6.618505043,230222_H_W4D1,7.873974121,230222_H_W4D1,2/23/22,3:44:00,0.763,9.5,30.5,9.5,7.7,-1.38,63.25,high
110322,9,230222,H,1,,W4,D2,230222_H_W4D2,0,63.18404763,63.18404763,3.680534512,230222_H_W4D2,1.294503906,230222_H_W4D2,2/23/22,3:44:00,0.763,10.2,27.5,8.35,7.8,-1.93,63.25,high
110322,10,230222,H,1,,W4,D3,230222_H_W4D3,0,74.6785467,74.6785467,5.068806301,230222_H_W4D3,2.040629394,230222_H_W4D3,2/23/22,3:44:00,0.763,10.3,19.8,4.86,7.8,-3.3,63.25,high
110322,11,230222,H,1,,W4,D4,230222_H_W4D4,0,91.59902047,91.59902047,5.068806301,230222_H_W4D4,1.294503906,230222_H_W4D4,2/23/22,3:44:00,0.763,10.1,15.9,4.62,7.9,-5.8,63.25,high
160322,1,230222,L,2,,W1,D2,230222_L_W1D2,0.499760829,317.9192815,317.4195207,42.87499852,230222_L_W1D2,2.380818674,230222_L_W1D2,2/23/22,12:14:00,-2.21,14.8,1.5,4.94,8.7,1.76,0,low
160322,2,230222,L,2,,W1,D3,230222_L_W1D3,0,470.132151,470.132151,23.76204737,230222_L_W1D3,1.173500226,230222_L_W1D3,2/23/22,12:14:00,-2.21,15,0.8,1.73,8.2,-0.11,0,low
160322,3,230222,L,2,,W2,D2,230222_L_W2D2,103.521886,534.3871147,430.8652288,20.85636223,230222_L_W2D2,18.18407178,230222_L_W2D2,2/23/22,12:40:00,-1.97,15,11.3,8.4,8.2,1.14,15.42,low
160322,4,230222,L,2,,W2,D3,230222_L_W2D3,0.571155233,471.1316727,470.5605175,69.18759174,230222_L_W2D3,1.364129454,230222_L_W2D3,2/23/22,12:40:00,-1.97,14.5,0.8,1.66,9,-0.73,15.42,low
160322,5,230222,L,2,,W3,D2,230222_L_W3D2,0,182.2699137,182.2699137,21.82492395,230222_L_W3D2,2.698534055,230222_L_W3D2,2/23/22,13:19:00,-1.48,13.7,3.2,7.8,9.2,0.51,33.42,low
160322,6,230222,L,2,,W3,D3,230222_L_W3D3,0.285577616,323.7022282,323.4166506,32.38224663,230222_L_W3D3,0.665155616,230222_L_W3D3,2/23/22,13:19:00,-1.48,13.5,2.1,2.7,8.9,-1.07,33.42,low
160322,7,230222,L,2,,W3,D4,230222_L_W3D4,3.212748185,191.5511862,188.338438,35.22336099,230222_L_W3D4,1.837140624,230222_L_W3D4,2/23/22,13:19:00,-1.48,13.5,6.9,4.4,7.9,-3.57,33.42,low
160322,8,230222,L,2,,W4,D2,230222_L_W4D2,0,105.2353517,105.2353517,3.971103026,230222_L_W4D2,0.887526367,230222_L_W4D2,2/23/22,14:05:00,-0.98,12.4,28.4,8.19,7.8,-1.93,63.25,low
160322,9,230222,L,2,,W4,D3,230222_L_W4D3,0,145.3590068,145.3590068,4.423098492,230222_L_W4D3,0.209230468,230222_L_W4D3,2/23/22,14:05:00,-0.98,12.2,23.5,6.5,7.9,-3.3,63.25,low
160322,10,230222,L,2,,W4,D4,230222_L_W4D4,0,201.1894308,201.1894308,5.423945596,230222_L_W4D4,1.158844726,230222_L_W4D4,2/23/22,14:05:00,-0.98,12,16.3,5.02,8.1,-5.8,63.25,low
160322,11,240222,H,3,,W1,D2,240222_H_W1D2,0.571155233,297.1435099,296.5723547,46.84610155,240222_H_W1D2,2.634990979,240222_H_W1D2,2/24/22,6:10:00,1.45,11.6,1.2,6.3,8.8,1.76,0,high
160322,12,240222,H,3,,W1,D3,240222_H_W1D3,0,461.5648225,461.5648225,22.82577105,240222_H_W1D3,0.220354082,240222_H_W1D3,2/24/22,6:10:00,1.45,11.8,0.8,2.97,8.4,-0.11,0,high
160322,13,240222,H,3,,W1,D4,240222_H_W1D4,0,1.070916062,1.070916062,90.625091,240222_H_W1D4,40.12540595,240222_H_W1D4,2/24/22,6:10:00,1.45,10.9,4.8,5.03,7.9,-1.9,0,high
160322,14,240222,H,3,,W2,D2,240222_H_W2D2,20.13322196,396.3817316,376.2485096,28.54028516,240222_H_W2D2,13.69148624,240222_H_W2D2,2/24/22,5:45:00,1.86,9.6,4,10.3,8.6,1.14,15.42,high
160322,15,240222,H,3,,W2,D3,240222_H_W2D3,0.499760829,425.5106485,425.0108876,65.05506176,240222_H_W2D3,0.220354082,240222_H_W2D3,2/24/22,5:45:00,1.86,11.6,0.9,5.62,9,-0.73,15.42,high
160322,16,240222,H,3,,W3,D2,240222_H_W3D2,0,247.0960326,247.0960326,28.24971665,240222_H_W3D2,2.063103293,240222_H_W3D2,2/24/22,5:15:00,2.12,10.8,2.4,5.4,8.9,0.51,33.42,high
160322,17,240222,H,3,,W3,D3,240222_H_W3D3,0.285577616,324.9873275,324.7017499,31.76882421,240222_H_W3D3,1.173500226,240222_H_W3D3,2/24/22,5:15:00,2.12,10.5,1.9,2.6,8.7,-1.07,33.42,high
160322,18,240222,H,3,,W3,D4,240222_H_W3D4,2.498804144,145.7159788,143.2171746,35.25564638,240222_H_W3D4,1.701481445,240222_H_W3D4,2/24/22,5:15:00,2.12,10.6,8.1,2.8,7.7,-3.57,33.42,high
160322,19,240222,H,3,,W4,D1,240222_H_W4D1,0,112.7317641,112.7317641,3.58367834,240222_H_W4D1,0,240222_H_W4D1,2/24/22,4:34:00,2.42,10.1,26.1,9.84,8,-1.38,63.25,high
160322,20,240222,H,3,,W4,D2,240222_H_W4D2,0,129.5808435,129.5808435,4.003388416,240222_H_W4D2,0.073571288,240222_H_W4D2,2/24/22,4:34:00,2.42,10.4,26.7,7.9,7.9,-1.93,63.25,high
160322,21,240222,H,3,,W4,D3,240222_H_W4D3,0,193.5502295,193.5502295,5.230233254,240222_H_W4D3,0.073571288,240222_H_W4D3,2/24/22,4:34:00,2.42,9.6,16.2,3.87,8.1,-3.3,63.25,high
160322,22,240222,H,3,,W4,D4,240222_H_W4D4,0,222.3221744,222.3221744,6.101938796,240222_H_W4D4,0,240222_H_W4D4,2/24/22,4:34:00,2.42,9.7,14.7,3.72,8.1,-5.8,63.25,high
160322,23,240222,L,4,,W1,D2,240222_L_W1D2,0.785338445,296.7151435,295.929805,45.94211062,240222_L_W1D2,1.808930988,240222_L_W1D2,2/24/22,13:29:00,-2.64,15.2,1.2,4.3,8.6,1.76,0,low
160322,24,240222,L,4,,W1,D3,240222_L_W1D3,0,453.6400437,453.6400437,23.50376425,240222_L_W1D3,1.109957149,240222_L_W1D3,2/24/22,13:29:00,-2.64,15.2,0.8,2.3,8.5,-0.11,0,low
160322,25,240222,L,4,,W1,D4,240222_L_W1D4,0,1.427888082,1.427888082,89.04310687,240222_L_W1D4,38.91808751,240222_L_W1D4,2/24/22,13:29:00,-2.64,15.2,4.2,5.8,7.9,-1.9,0,low
160322,26,240222,L,4,,W2,D2,240222_L_W2D2,31.3421434,411.9457117,380.6035683,29.79941539,240222_L_W2D2,17.69470005,240222_L_W2D2,2/24/22,13:43:00,-2.63,14.6,3.8,7.56,8.3,1.14,15.42,low
160322,27,240222,L,4,,W2,D3,240222_L_W2D3,0.499760829,430.365468,429.8657071,65.44248645,240222_L_W2D3,0.156811006,240222_L_W2D3,2/24/22,13:43:00,-2.63,14.9,0.9,2.44,8.7,-0.73,15.42,low
160322,28,240222,L,4,,W3,D2,240222_L_W3D2,0,211.5416194,211.5416194,23.95575972,240222_L_W3D2,2.063103293,240222_L_W3D2,2/24/22,13:55:00,-2.48,14.1,3.3,8.51,8.3,0.51,33.42,low
160322,29,240222,L,4,,W3,D3,240222_L_W3D3,0,317.4909151,317.4909151,37.09591363,240222_L_W3D3,0.220354082,240222_L_W3D3,2/24/22,13:55:00,-2.48,14,1.8,3.32,8.4,-1.07,33.42,low
160322,30,240222,L,4,,W3,D4,240222_L_W3D4,1.927648911,172.9172467,170.9895978,40.09845494,240222_L_W3D4,1.701481445,240222_L_W3D4,2/24/22,13:55:00,-2.48,14.1,6.6,2.23,7.5,-3.57,33.42,low
160322,31,240222,L,4,,W4,D2,240222_L_W4D2,0,162.2080861,162.2080861,4.649096225,240222_L_W4D2,0.955355956,240222_L_W4D2,2/24/22,14:10:00,-2.23,13,23.5,8,7.5,-1.93,63.25,low
160322,32,240222,L,4,,W4,D3,240222_L_W4D3,0,173.845374,173.845374,5.391660206,240222_L_W4D3,0.955355956,240222_L_W4D3,2/24/22,14:10:00,-2.23,12.9,19,6.02,7.6,-3.3,63.25,low
160322,33,240222,L,4,,W4,D4,240222_L_W4D4,0,210.1137313,210.1137313,5.617657939,240222_L_W4D4,0.209230468,240222_L_W4D4,2/24/22,14:10:00,-2.23,13.2,14.2,5.72,7.7,-5.8,63.25,low
160322,34,250222,H,5,,W1,D2,250222_H_W1D2,0.713944041,310.9226299,310.2086858,47.13667006,250222_H_W1D2,2.571447903,250222_H_W1D2,2/25/22,7:30:00,1.54,10.1,1.1,4.92,8.9,1.76,0,high
160322,35,250222,H,5,,W1,D3,250222_H_W1D3,0,480.198762,480.198762,23.11633957,250222_H_W1D3,1.237043302,250222_H_W1D3,2/25/22,7:30:00,1.54,10.6,0.8,3.96,8.5,-0.11,0,high
160322,36,250222,H,5,,W1,D4,250222_H_W1D4,0,1.642071294,1.642071294,78.4534988,250222_H_W1D4,41.01500902,250222_H_W1D4,2/25/22,7:30:00,1.54,10.2,4.2,6.96,8.2,-1.9,0,high
160322,37,250222,H,5,,W2,D2,250222_H_W2D2,6.853862794,316.776971,309.9231082,33.51223529,250222_H_W2D2,11.53102165,250222_H_W2D2,2/25/22,7:01:00,1.84,8.5,3.3,11.43,8.8,1.14,15.42,high
160322,38,250222,H,5,,W2,D3,250222_H_W2D3,0.356972021,427.7952694,427.4382974,60.59967788,250222_H_W2D3,1.109957149,250222_H_W2D3,2/25/22,7:01:00,1.84,10.3,0.9,3.97,9.1,-0.73,15.42,high
160322,39,250222,H,5,,W3,D2,250222_H_W3D2,0,254.9494171,254.9494171,31.25225796,250222_H_W3D2,0.665155616,250222_H_W3D2,2/25/22,6:24:00,2.27,11.1,2.2,9.83,9.3,0.51,33.42,high
160322,40,250222,H,5,,W3,D3,250222_H_W3D3,0,356.6150485,356.6150485,34.480797,250222_H_W3D3,0.982870997,250222_H_W3D3,2/25/22,6:24:00,2.27,12,1.8,5.02,9,-1.07,33.42,high
160322,41,250222,H,5,,W3,D4,250222_H_W3D4,3.284142589,95.16874067,91.88459809,40.64730658,250222_H_W3D4,2.922414062,250222_H_W3D4,2/25/22,6:24:00,2.27,11.6,8.1,3.37,7.9,-3.57,33.42,high
160322,42,250222,H,5,,W4,D1,250222_H_W4D1,0,127.5818001,127.5818001,3.906532245,250222_H_W4D1,0.141400878,250222_H_W4D1,2/25/22,5:42:00,2.5,8.8,22,10.25,8.2,-1.38,63.25,high
160322,43,250222,H,5,,W4,D2,250222_H_W4D2,0,129.2238714,129.2238714,4.552240054,250222_H_W4D2,0,250222_H_W4D2,2/25/22,5:42:00,2.5,9.4,22.4,8.89,8.2,-1.93,63.25,high
160322,44,250222,H,5,,W4,D3,250222_H_W4D3,0,162.1366917,162.1366917,4.778237787,250222_H_W4D3,0,250222_H_W4D3,2/25/22,5:42:00,2.5,10,13.7,4.08,8.2,-3.3,63.25,high
160322,45,250222,H,5,,W4,D4,250222_H_W4D4,0,224.7495841,224.7495841,5.71451411,250222_H_W4D4,1.294503906,250222_H_W4D4,2/25/22,5:42:00,2.5,9.6,13.5,4.37,8.2,-5.8,63.25,high
160322,46,250222,L,6,,W1,D2,250222_L_W1D2,1.21370487,301.4271741,300.2134693,46.55553303,250222_L_W1D2,2.762077131,250222_L_W1D2,2/25/22,14:20:00,-3.28,15,1.2,5.34,8.7,1.76,0,low
160322,47,250222,L,6,,W1,D3,250222_L_W1D3,0,484.5538207,484.5538207,22.56748793,250222_L_W1D3,0.283897158,250222_L_W1D3,2/25/22,14:20:00,-3.28,15.2,0.8,3.72,8.4,-0.11,0,low
160322,48,250222,L,6,,W1,D4,250222_L_W1D4,0,1.427888082,1.427888082,81.1654716,250222_L_W1D4,35.86801985,250222_L_W1D4,2/25/22,14:20:00,-3.28,15.6,3.9,6.14,8.1,-1.9,0,low
160322,49,250222,L,6,,W2,D2,250222_L_W2D2,7.282229219,332.9835008,325.7012715,39.96931338,250222_L_W2D2,10.0695309,250222_L_W2D2,2/25/22,15:00:00,-2.64,14.9,2.8,7.6,8.6,1.14,15.42,low
160322,50,250222,L,6,,W2,D3,250222_L_W2D3,0.285577616,441.859967,441.5743894,60.98710257,250222_L_W2D3,1.237043302,250222_L_W2D3,2/25/22,15:00:00,-2.64,14.8,0.9,2.77,8.8,-0.73,15.42,low
160322,51,250222,L,6,,W3,D2,250222_L_W3D2,0,239.0284649,239.0284649,23.18091035,250222_L_W3D2,0.855784844,250222_L_W3D2,2/25/22,15:20:00,-2.52,14.7,3.2,8.6,8.7,0.51,33.42,low
160322,52,250222,L,6,,W3,D3,250222_L_W3D3,0,338.1238978,338.1238978,37.06362824,250222_L_W3D3,0.156811006,250222_L_W3D3,2/25/22,15:20:00,-2.52,13.9,1.9,2.31,8.7,-1.07,33.42,low
160322,53,250222,L,6,,W3,D4,250222_L_W3D4,2.78438176,123.1553471,120.3709653,43.48842094,250222_L_W3D4,2.922414062,250222_L_W3D4,2/25/22,15:20:00,-2.52,14.1,7.4,3.69,7.7,-3.57,33.42,low
160322,54,250222,L,6,,W4,D2,250222_L_W4D2,0,153.35518,153.35518,4.26167154,250222_L_W4D2,0.005741699,250222_L_W4D2,2/25/22,15:55:00,-1.95,13.6,20.5,6.22,7.9,-1.93,63.25,low
160322,55,250222,L,6,,W4,D3,250222_L_W4D3,0,186.0538171,186.0538171,5.327089425,250222_L_W4D3,0.005741699,250222_L_W4D3,2/25/22,15:55:00,-1.95,12.7,16.2,4.38,8,-3.3,63.25,low
160322,56,250222,L,6,,W4,D4,250222_L_W4D4,0,215.1113396,215.1113396,5.423945596,250222_L_W4D4,0.548378417,250222_L_W4D4,2/25/22,15:55:00,-1.95,12.6,13.1,4.78,8,-5.8,63.25,low
160322,57,250222,L,6,,SW,,250222_L_SW,0.214183212,16.84907937,16.63489616,1.969408818,250222_L_Seawater Grab,2.176288574,250222_L_Seawater Grab,2/25/22,16:15:00,-1.68,13.2,32.5,8.78,7.9,-1.68,150,low
160322,58,260222,H,7,,W1,D2,260222_H_W1D2,0.856732849,289.1473366,288.2906038,46.52324764,260222_H_W1D2,1.42767253,260222_H_W1D2,2/26/22,8:17:00,1.78,13.4,1.1,5.67,8.9,1.76,0,high
160322,59,260222,H,7,,W1,D3,260222_H_W1D3,0,496.5480806,496.5480806,20.85636223,260222_H_W1D3,0,260222_H_W1D3,2/26/22,8:17:00,1.78,13.6,0.8,3,8.4,-0.11,0,high
160322,60,260222,H,7,,W1,D4,260222_H_W1D4,0,2.498804144,2.498804144,81.71432324,260222_H_W1D4,29.89497068,260222_H_W1D4,2/26/22,8:17:00,1.78,13.1,3.7,7.81,8,-1.9,0,high
160322,61,260222,H,7,,W2,D1,260222_H_W2D1,10.70916062,299.2139476,288.504787,27.60400884,260222_H_W2D1,11.34039242,260222_H_W2D1,2/26/22,7:50:00,2.31,11.5,2.6,10.22,8.7,1.85,15.42,high
160322,62,260222,H,7,,W2,D2,260222_H_W2D2,11.13752704,431.5077784,420.3702514,48.78322498,260222_H_W2D2,6.955920162,260222_H_W2D2,2/26/22,7:50:00,2.31,12.5,2.1,8.99,8.9,1.14,15.42,high
160322,63,260222,H,7,,W2,D3,260222_H_W2D3,0.356972021,452.28355,451.926578,63.44079224,260222_H_W2D3,0,260222_H_W2D3,2/26/22,7:50:00,2.31,13,0.9,2.97,8.9,-0.73,15.42,high
160322,64,260222,H,7,,W3,D1,260222_H_W3D1,0,222.8933296,222.8933296,13.26929548,260222_H_W3D1,0.474526387,260222_H_W3D1,2/26/22,7:28:00,2.49,11.3,5,9.01,8.6,0.93,33.42,high
160322,65,260222,H,7,,W3,D2,260222_H_W3D2,0,239.8138034,239.8138034,24.76289448,260222_H_W3D2,0.665155616,260222_H_W3D2,2/26/22,7:28:00,2.49,11.3,2.2,6.34,8.9,0.51,33.42,high
160322,66,260222,H,7,,W3,D3,260222_H_W3D3,0,348.6188753,348.6188753,28.50799977,260222_H_W3D3,0,260222_H_W3D3,2/26/22,7:28:00,2.49,11.9,2.3,1.64,8.7,-1.07,33.42,high
160322,67,260222,H,7,,W3,D4,260222_H_W3D4,4.069481034,44.69289697,40.62341594,41.48672673,260222_H_W3D4,0.616208007,260222_H_W3D4,2/26/22,7:28:00,2.49,12.5,8.6,4.01,7.6,-3.57,33.42,high
160322,68,260222,H,7,,W4,D1,260222_H_W4D1,0,135.2210014,135.2210014,3.777390683,260222_H_W4D1,0.209230468,260222_H_W4D1,2/26/22,7:00:00,2.75,10.3,23.2,8.6,8,-1.38,63.25,high
160322,69,260222,H,7,,W4,D2,260222_H_W4D2,0,200.3326979,200.3326979,5.456230987,260222_H_W4D2,0,260222_H_W4D2,2/26/22,7:00:00,2.75,10.5,14.1,5.28,8.1,-1.93,63.25,high
160322,70,260222,H,7,,W4,D3,260222_H_W4D3,0,197.1199497,197.1199497,5.617657939,260222_H_W4D3,0,260222_H_W4D3,2/26/22,7:00:00,2.75,10.6,12.7,3.5,8.1,-3.3,63.25,high
160322,71,260222,H,7,,W4,D4,260222_H_W4D4,0,178.5574047,178.5574047,5.230233254,260222_H_W4D4,0.412719238,260222_H_W4D4,2/26/22,7:00:00,2.75,11,11.8,3.08,8.1,-5.8,63.25,high
170322,1,260222,L,8,,W1,D2,260222_L_W1D2,1.999043315,334.5541776,332.5551343,47.52409475,260222_L_W1D2,0.474526387,260222_L_W1D2,2/26/22,15:28:00,-3.44,14.6,1.1,4.46,8.8,1.76,0,low
170322,2,260222,L,8,,W1,D3,260222_L_W1D3,0,553.520815,553.520815,22.34149019,260222_L_W1D3,0,260222_L_W1D3,2/26/22,15:28:00,-3.44,14.5,0.7,4.35,8.4,-0.11,0,low
170322,3,260222,L,8,,W1,D4,260222_L_W1D4,0,1.57067689,1.57067689,78.03378873,260222_L_W1D4,36.2492783,260222_L_W1D4,2/26/22,15:28:00,-3.44,14.5,3.9,9.78,8,-1.9,0,low
170322,4,260222,L,8,,W2,D1,260222_L_W2D1,11.78007668,354.5446108,342.7645341,33.22166678,260222_L_W2D1,17.94887235,260222_L_W2D1,2/26/22,16:00:00,-2.89,13.7,3.8,8.07,8.8,1.85,15.42,low
170322,5,260222,L,8,,W2,D2,260222_L_W2D2,5.997129945,431.2935952,425.2964653,45.68382749,260222_L_W2D2,5.875687866,260222_L_W2D2,2/26/22,16:00:00,-2.89,14,2.2,7.02,8.9,1.14,15.42,low
170322,6,260222,L,8,,W2,D3,260222_L_W2D3,0.285577616,456.4244255,456.1388478,59.14683531,260222_L_W2D3,0,260222_L_W2D3,2/26/22,16:00:00,-2.89,14,1,2.35,9,-0.73,15.42,low
170322,7,260222,L,8,,W3,D2,260222_L_W3D2,0,229.3902204,229.3902204,16.94982999,260222_L_W3D2,0.616208007,260222_L_W3D2,2/26/22,16:20:00,-2.62,13.2,5.6,7.61,8.5,0.51,33.42,low
170322,8,260222,L,8,,W3,D3,260222_L_W3D3,0,393.2403778,393.2403778,29.70255922,260222_L_W3D3,0.474526387,260222_L_W3D3,2/26/22,16:20:00,-2.62,13.3,2.5,2.81,8.6,-1.07,33.42,low
170322,9,260222,L,8,,W3,D4,260222_L_W3D4,3.569720205,43.4791921,39.9094719,36.8699159,260222_L_W3D4,1.497992675,260222_L_W3D4,2/26/22,16:20:00,-2.62,13.4,8.9,3.65,7.5,-3.57,33.42,low
170322,10,260222,L,8,,W4,D1,260222_L_W4D1,0,125.6541512,125.6541512,3.777390683,260222_L_W4D1,0,260222_L_W4D1,2/26/22,16:37:00,-2.31,12.2,19.1,8.2,8,-1.38,63.25,low
170322,11,260222,L,8,,W4,D2,260222_L_W4D2,0,192.4793135,192.4793135,4.939664739,260222_L_W4D2,0,260222_L_W4D2,2/26/22,16:37:00,-2.31,12.1,17.2,5.87,7.9,-1.93,63.25,low
170322,12,260222,L,8,,W4,D3,260222_L_W4D3,0,162.707847,162.707847,3.454536779,260222_L_W4D3,0.277060058,260222_L_W4D3,2/26/22,16:37:00,-2.31,12.1,17.8,5.2,7.9,-3.3,63.25,low
170322,13,260222,L,8,,W4,D4,260222_L_W4D4,0,213.6834515,213.6834515,5.423945596,260222_L_W4D4,0,260222_L_W4D4,2/26/22,16:37:00,-2.31,12.1,13,4.48,8,-5.8,63.25,low
170322,14,270222,H,9,,W1,D1,270222_H_W1D1,34.62628599,356.6150485,321.9887625,32.44681741,270222_H_W1D1,11.78519396,270222_H_W1D1,2/27/22,11:01:00,-0.46,15,3.2,7.6,8.5,2.76,0,high
170322,15,270222,H,9,,W1,D2,270222_H_W1D2,1.642071294,418.3712081,416.7291368,47.81466326,270222_H_W1D2,0.347440235,270222_H_W1D2,2/27/22,11:01:00,-0.46,15,1,3.23,8.7,1.76,0,high
170322,16,270222,H,9,,W1,D3,270222_H_W1D3,0,551.0934053,551.0934053,24.47232596,270222_H_W1D3,0.347440235,270222_H_W1D3,2/27/22,11:01:00,-0.46,14.9,0.7,2.54,8.4,-0.11,0,high
170322,17,270222,H,9,,W1,D4,270222_H_W1D4,0,0,0,76.58094616,270222_H_W1D4,37.26596752,270222_H_W1D4,2/27/22,11:23:00,-1.14,15,3.8,4.9,8,-1.9,0,high
170322,18,270222,H,9,,W2,D1,270222_H_W2D1,9.56685015,404.8776657,395.3108155,39.5818887,270222_H_W2D1,9.68827244,270222_H_W2D1,2/27/22,10:28:00,0.36,15,2.5,8.52,8.7,1.85,15.42,high
170322,19,270222,H,9,,W2,D2,270222_H_W2D2,2.141832123,426.6529589,424.5111268,67.73474917,270222_H_W2D2,6.193403248,270222_H_W2D2,2/27/22,10:28:00,0.36,14.8,2.2,5.62,8.7,1.14,15.42,high
170322,20,270222,H,9,,W2,D3,270222_H_W2D3,1.427888082,258.7333205,257.3054324,17.75696475,270222_H_W2D3,0,270222_H_W2D3,2/27/22,10:28:00,0.36,15.1,4.6,1.48,8,-0.73,15.42,high
170322,21,270222,H,9,,W3,D1,270222_H_W3D1,0,232.674363,232.674363,15.5615582,270222_H_W3D1,0,270222_H_W3D1,2/27/22,9:44:00,1.53,14.2,4.4,10.32,8.6,0.93,33.42,high
170322,22,270222,H,9,,W3,D2,270222_H_W3D2,0,244.0260732,244.0260732,20.08151286,270222_H_W3D2,0,270222_H_W3D2,2/27/22,9:44:00,1.53,13.8,3.1,4.96,9,0.51,33.42,high
170322,23,270222,H,9,,W3,D3,270222_H_W3D3,2.284620931,203.7596293,201.4750084,11.04160354,270222_H_W3D3,0,270222_H_W3D3,2/27/22,9:44:00,1.53,13.9,7.9,2.49,8.1,-1.07,33.42,high
170322,24,270222,H,9,,W3,D4,270222_H_W3D4,2.78438176,28.77194485,25.98756309,39.35589096,270222_H_W3D4,1.091015136,270222_H_W3D4,2/27/22,10:07:00,0.91,14,8.7,2.06,7.4,-3.57,33.42,high
170322,25,270222,H,9,,W4,D1,270222_H_W4D1,0,11.70868227,11.70868227,2.453689675,270222_H_W4D1,0,270222_H_W4D1,2/27/22,8:11:00,2.73,13.1,34.5,8.66,7.8,-1.38,63.25,high
170322,26,270222,H,9,,W4,D2,270222_H_W4D2,0,122.7983751,122.7983751,4.003388416,270222_H_W4D2,0,270222_H_W4D2,2/27/22,8:11:00,2.73,12.1,19.7,5.81,7.9,-1.93,63.25,high
170322,27,270222,H,9,,W4,D3,270222_H_W4D3,0,146.4299228,146.4299228,3.131682874,270222_H_W4D3,0,270222_H_W4D3,2/27/22,8:11:00,2.73,12.5,20.3,5.03,7.9,-3.3,63.25,high
170322,28,270222,H,9,,W4,D4,270222_H_W4D4,0,197.691105,197.691105,5.165662473,270222_H_W4D4,0,270222_H_W4D4,2/27/22,8:11:00,2.73,12.4,13.9,2.9,8.1,-5.8,63.25,high
170322,29,270222,H,9,,SW,,270222_H_SW,0,9.138483726,9.138483726,1.517413351,270222_H_Seawater Grab,0,270222_H_Seawater Grab,2/27/22,9:27:00,1.82,12.5,33.2,8.99,7.8,1.82,100,high
170322,30,270222,L,10,,W1,D1,270222_L_W1D1,26.20174631,345.4775215,319.2757752,29.60570305,270222_L_W1D1,12.29353857,270222_L_W1D1,2/27/22,16:07:00,-4.02,14.8,3.9,8.3,8.6,2.76,0,low
170322,31,270222,L,10,,W1,D2,270222_L_W1D2,3.926692226,423.0832387,419.1565465,44.77983656,270222_L_W1D2,0.792241768,270222_L_W1D2,2/27/22,16:07:00,-4.02,14.9,1.4,2.82,8.8,1.76,0,low
170322,32,270222,L,10,,W1,D3,270222_L_W1D3,0.499760829,432.8642721,432.3645113,24.63375292,270222_L_W1D3,0,270222_L_W1D3,2/27/22,16:05:00,-4.02,14.8,0.8,1.67,8.4,-0.11,0,low
170322,33,270222,L,10,,W1,D4,270222_L_W1D4,0,0,0,73.32012172,270222_L_W1D4,37.58368291,270222_L_W1D4,2/27/22,16:05:00,-4.02,15.3,3.7,5.1,8.1,-1.9,0,low
170322,34,270222,L,10,,W2,D1,270222_L_W2D1,4.712030671,351.5460458,346.8340151,41.84186603,270222_L_W2D1,8.798669373,270222_L_W2D1,2/27/22,16:44:00,-3.18,14.7,2,8.64,8.9,1.85,15.42,low
170322,35,270222,L,10,,W2,D2,270222_L_W2D2,1.356493678,324.7731443,323.4166506,51.55976856,270222_L_W2D2,3.333964817,270222_L_W2D2,2/27/22,16:44:00,-3.18,14.6,2,6.17,8.9,1.14,15.42,low
170322,36,270222,L,10,,W2,D3,270222_L_W2D3,1.070916062,182.7696745,181.6987585,17.04668616,270222_L_W2D3,0,270222_L_W2D3,2/27/22,15:44:00,-4.06,14.7,5.6,2.06,8.1,-0.73,15.42,low
170322,37,270222,L,10,,W3,D1,270222_L_W3D1,0,186.6963667,186.6963667,7.587066757,270222_L_W3D1,0.344889648,270222_L_W3D1,2/27/22,17:24:00,-2.53,13.3,27.5,8.18,8,0.93,33.42,low
170322,38,270222,L,10,,W3,D2,270222_L_W3D2,0,217.5387493,217.5387493,12.55901689,270222_L_W3D2,0.887526367,270222_L_W3D2,2/27/22,17:24:00,-2.53,13.4,32,6.91,7.9,0.51,33.42,low
170322,39,270222,L,10,,W3,D3,270222_L_W3D3,0,256.3773051,256.3773051,14.68985266,270222_L_W3D3,0.277060058,270222_L_W3D3,2/27/22,17:24:00,-2.53,13.5,5.7,3.86,8.4,-1.07,33.42,low
170322,40,270222,L,10,,W3,D4,270222_L_W3D4,2.498804144,49.69050526,47.19170111,38.87161011,270222_L_W3D4,1.972799804,270222_L_W3D4,2/27/22,17:25:00,-2.53,13.7,7.3,3.27,7.7,-3.57,33.42,low
170322,41,270222,L,10,,W4,D1,270222_L_W4D1,0,22.98899812,22.98899812,1.323701009,270222_L_W4D1,2.311947753,270222_L_W4D1,2/27/22,18:10:00,-1.42,11.9,32.7,8.47,7.6,-1.38,63.25,low
170322,42,270222,L,10,,W4,D2,270222_L_W4D2,0,19.56206673,19.56206673,1.743411085,270222_L_W4D2,0.344889648,270222_L_W4D2,2/27/22,18:10:00,-1.42,11.5,32.8,8.11,7.5,-1.93,63.25,low
170322,43,270222,L,10,,W4,D3,270222_L_W4D3,0,111.9464256,111.9464256,2.421404284,270222_L_W4D3,0,270222_L_W4D3,2/27/22,18:10:00,-1.42,11.6,30.8,7.49,7.5,-3.3,63.25,low
170322,44,270222,L,10,,W4,D4,270222_L_W4D4,0.856732849,126.0825177,125.2257848,3.615963731,270222_L_W4D4,0.412719238,270222_L_W4D4,2/27/22,18:10:00,-1.42,11.7,24.4,7.28,7.6,-5.8,63.25,low
170322,45,280222,H,11,,W1,D1,280222_H_W1D1,33.84094755,403.7353552,369.8944077,20.43665216,280222_H_W1D1,14.45344434,280222_H_W1D1,2/28/22,8:03:00,3.11,14,6.7,8.62,8.7,2.76,0,high
170322,46,280222,H,11,,W1,D2,280222_H_W1D2,6.996651602,434.5777378,427.5810862,38.9038955,280222_H_W1D2,1.618301759,280222_H_W1D2,2/28/22,8:03:00,3.11,13.8,2,4.16,8.8,1.76,0,high
170322,47,280222,H,11,,W1,D3,280222_H_W1D3,0.214183212,351.1890738,350.9748906,22.40606098,280222_H_W1D3,0.410983311,280222_H_W1D3,2/28/22,8:03:00,3.11,13.7,1,2.53,8.4,-0.11,0,high
170322,48,280222,H,11,,W1,D4,280222_H_W1D4,0,0,0,71.57671064,280222_H_W1D4,38.09202752,280222_H_W1D4,2/28/22,8:03:00,3.11,14.2,3.6,6.32,8.2,-1.9,0,high
170322,49,280222,H,11,,W2,D1,280222_H_W2D1,14.70724725,342.6931397,327.9858925,27.28115493,280222_H_W2D1,26.25579297,280222_H_W2D1,2/28/22,8:26:00,3.06,13.7,6.5,8.82,8.5,1.85,15.42,high
170322,50,280222,H,11,,W2,D2,280222_H_W2D2,10.28079419,301.0702021,290.7894079,31.76882421,280222_H_W2D2,5.296449706,280222_H_W2D2,2/28/22,8:26:00,3.06,13.7,5.1,5.85,8.5,1.14,15.42,high
170322,51,280222,H,11,,W2,D3,280222_H_W2D3,1.57067689,169.8472874,168.2766105,13.26929548,280222_H_W2D3,0.480548827,280222_H_W2D3,2/28/22,8:26:00,3.06,13.6,6,1.24,8,-0.73,15.42,high
170322,52,280222,H,11,,W3,D1,280222_H_W3D1,0,254.0212898,254.0212898,10.20218338,280222_H_W3D1,0.887526367,280222_H_W3D1,2/28/22,8:44:00,3.14,13,13,9.6,8.2,0.93,33.42,high
170322,53,280222,H,11,,W3,D2,280222_H_W3D2,0,192.1223415,192.1223415,9.136765498,280222_H_W3D2,1.565822265,280222_H_W3D2,2/28/22,8:44:00,3.14,12.8,19.9,6.37,8.1,0.51,33.42,high
170322,54,280222,H,11,,W3,D3,280222_H_W3D3,0.285577616,225.5349226,225.249345,9.491904793,280222_H_W3D3,0,280222_H_W3D3,2/28/22,8:44:00,3.14,13,9.8,2.98,8.1,-1.07,33.42,high
170322,55,280222,H,11,,W3,D4,280222_H_W3D4,2.78438176,33.69815874,30.91377698,43.58527711,280222_H_W3D4,0.887526367,280222_H_W3D4,2/28/22,8:44:00,3.14,13.1,8.6,3.16,7.9,-3.57,33.42,high
170322,56,280222,H,11,,W4,D1,280222_H_W4D1,0,25.98756309,25.98756309,1.226844837,280222_H_W4D1,0.209230468,280222_H_W4D1,2/28/22,9:07:00,2.92,11.3,32.8,8.66,7.8,-1.38,63.25,high
170322,57,280222,H,11,,W4,D2,280222_H_W4D2,0,26.41592952,26.41592952,1.646554913,280222_H_W4D2,0,280222_H_W4D2,2/28/22,9:07:00,2.92,11.4,32.8,8.43,7.6,-1.93,63.25,high
170322,58,280222,H,11,,W4,D3,280222_H_W4D3,0,109.3048327,109.3048327,2.453689675,280222_H_W4D3,0,280222_H_W4D3,2/28/22,9:07:00,2.92,12,28.4,7.29,7.6,-3.3,63.25,high
170322,59,280222,H,11,,W4,D4,280222_H_W4D4,0,140.2900041,140.2900041,3.874246854,280222_H_W4D4,0,280222_H_W4D4,2/28/22,9:07:00,2.92,12.2,21.5,5.89,7.9,-5.8,63.25,high
170322,60,280223,L,12,,W1,D1,280223_L_W1D1,42.62245925,402.7358336,360.1133743,18.17667483,280222_L_W1D1,13.24668471,280222_L_W1D1,2/28/22,17:00:00,-3.74,15.7,3.6,8.97,8.6,2.76,0,low
170322,61,280223,L,12,,W1,D2,280223_L_W1D2,9.495455746,327.9858925,318.4904367,40.48587963,280222_L_W1D2,0.538069463,280222_L_W1D2,2/28/22,17:00:00,-3.74,15.3,1.4,4.06,8.9,1.76,0,low
170322,62,280223,L,12,,W1,D3,280223_L_W1D3,0,228.3906987,228.3906987,24.79517987,280222_L_W1D3,0,280222_L_W1D3,2/28/22,17:00:00,-3.74,15.2,1.1,3.46,8.5,-0.11,0,low
170322,63,280223,L,12,,W1,D4,280223_L_W1D4,0,0.428366425,0.428366425,75.70924061,280222_L_W1D4,28.81473839,280222_L_W1D4,2/28/22,17:00:00,-3.74,15.8,3.9,9.06,8.3,-1.9,0,low
170322,64,280223,L,12,,W2,D1,280223_L_W2D1,16.34931854,309.2805586,292.93124,35.70764184,280222_L_W2D1,23.06780225,280222_L_W2D1,2/28/22,17:12:00,-3.65,14.8,5.6,7.85,8.6,1.85,15.42,low
170322,65,280223,L,12,,W2,D2,280223_L_W2D2,3.355536993,291.5747464,288.2192094,53.49689198,280222_L_W2D2,3.46105097,280222_L_W2D2,2/28/22,17:12:00,-3.65,15,1.7,4.52,9,1.14,15.42,low
170322,66,280223,L,12,,W2,D3,280223_L_W2D3,0.713944041,104.6641964,103.9502524,16.17498062,280222_L_W2D3,0,280222_L_W2D3,2/28/22,17:12:00,-3.65,14.9,6.7,2.32,8.2,-0.73,15.42,low
170322,67,280223,L,12,,W3,D1,280223_L_W3D1,0,217.3959605,217.3959605,4.939664739,280222_L_W3D1,0.141400878,280222_L_W3D1,2/28/22,17:20:00,-3.5,13.5,25.2,8.36,8.1,0.93,33.42,low
170322,68,280223,L,12,,W3,D2,280223_L_W3D2,0,179.4855319,179.4855319,18.01524787,280222_L_W3D2,0,280222_L_W3D2,2/28/22,17:20:00,-3.5,13.6,28,6.47,8.1,0.51,33.42,low
170322,69,280223,L,12,,W3,D3,280223_L_W3D3,0,215.896678,215.896678,11.46131361,280222_L_W3D3,0,280222_L_W3D3,2/28/22,17:20:00,-3.5,13.7,6.9,2.31,8.4,-1.07,33.42,low
170322,70,280223,L,12,,W3,D4,280223_L_W3D4,2.070437719,46.83472909,44.76429137,56.59628947,280222_L_W3D4,2.040629394,280222_L_W3D4,2/28/22,17:20:00,-3.5,13.9,8.9,1.79,7.8,-3.57,33.42,low
170322,71,280223,L,12,,W4,D1,280223_L_W4D1,0,24.84525263,24.84525263,2.518260455,280222_L_W4D1,0,280222_L_W4D1,2/28/22,17:38:00,-3.12,12.6,32.5,8.3,7.9,-1.38,63.25,low
170322,72,280223,L,12,,W4,D2,280223_L_W4D2,0,25.84477429,25.84477429,1.162274056,280222_L_W4D2,0,280222_L_W4D2,2/28/22,17:38:00,-3.12,13.3,32.6,8.31,7.9,-1.93,63.25,low
170322,73,280223,L,12,,W4,D3,280223_L_W4D3,0,38.76716143,38.76716143,1.775696475,280222_L_W4D3,0,280222_L_W4D3,2/28/22,17:38:00,-3.12,12.5,32.5,8.06,7.9,-3.3,63.25,low
170322,74,280223,L,12,,W4,D4,280223_L_W4D4,0,90.59949881,90.59949881,4.29395693,280222_L_W4D4,0,280222_L_W4D4,2/28/22,17:38:00,-3.12,12.9,29.4,7.68,7.8,-5.8,63.25,low
170322,75,10322,H,13,,W1,D1,010322_H_W1D1,33.19839791,353.1881171,319.9897192,26.92601564,010322_H_W1D1,8.735126297,010322_H_W1D1,3/1/22,11:20:00,1.74,15,4,8.02,8.5,2.76,0,high
170322,76,10322,H,13,,W1,D2,010322_H_W1D2,8.781511705,327.9144981,319.1329864,39.09760784,010322_H_W1D2,0.601612539,010322_H_W1D2,3/1/22,11:20:00,1.74,14.9,1.7,2.73,8.8,1.76,0,high
170322,77,10322,H,13,,W1,D3,010322_H_W1D3,0,134.5070573,134.5070573,36.57934738,010322_H_W1D3,0,010322_H_W1D3,3/1/22,11:20:00,1.74,15.1,1.2,1.29,8.3,-0.11,0,high
170322,78,10322,H,13,,W1,D4,010322_H_W1D4,0,0.642549637,0.642549637,71.25385673,010322_H_W1D4,37.96494136,010322_H_W1D4,3/1/22,11:20:00,1.74,15.5,3.7,6.6,8.1,-1.9,0,high
170322,79,10322,H,13,,W2,D1,010322_H_W2D1,19.99043315,296.7151435,276.7247103,30.92940405,010322_H_W2D1,28.01936231,010322_H_W2D1,3/1/22,11:01:00,2.16,14.4,11.7,7.9,8.2,1.85,15.42,high
170322,80,10322,H,13,,W2,D2,010322_H_W2D2,10.78055502,228.8904596,218.1099045,35.99821036,010322_H_W2D2,8.823588378,010322_H_W2D2,3/1/22,11:01:00,2.16,14.4,9.7,5.3,8.4,1.14,15.42,high
170322,81,10322,H,13,,W2,D3,010322_H_W2D3,1.070916062,91.09925964,90.02834358,10.71874963,010322_H_W2D3,0,010322_H_W2D3,3/1/22,11:01:00,2.16,14.8,7,1.77,8.1,-0.73,15.42,high
170322,82,10322,H,13,,W3,D1,010322_H_W3D1,0,194.1213848,194.1213848,9.136765498,010322_H_W3D1,0,010322_H_W3D1,3/1/22,10:35:00,2.54,13.6,22.5,8.9,8.2,0.93,33.42,high
170322,83,10322,H,13,,W3,D2,010322_H_W3D2,0,202.7601077,202.7601077,9.621046355,010322_H_W3D2,0.209230468,010322_H_W3D2,3/1/22,10:37:00,2.54,13.2,17.4,6.6,8.2,0.51,33.42,high
170322,84,10322,H,13,,W3,D3,010322_H_W3D3,0,168.9191601,168.9191601,11.71959673,010322_H_W3D3,0,010322_H_W3D3,3/1/22,10:35:00,2.54,13.6,9,1.97,8.1,-1.07,33.42,high
170322,85,10322,H,13,,W3,D4,010322_H_W3D4,2.927170568,35.48301884,32.55584827,44.42469726,010322_H_W3D4,1.226674316,010322_H_W3D4,3/1/22,10:35:00,2.54,13.9,8.5,1.53,7.7,-3.57,33.42,high
170322,86,10322,H,13,,W4,D1,010322_H_W4D1,0,31.62772102,31.62772102,2.87339975,010322_H_W4D1,0,010322_H_W4D1,3/1/22,10:10:00,2.8,12.2,32.7,8.72,7.8,-1.38,63.25,high
170322,87,10322,H,13,,W4,D2,010322_H_W4D2,0,27.05847916,27.05847916,1.614269523,010322_H_W4D2,0,010322_H_W4D2,3/1/22,10:10:00,2.8,12,32.8,8.48,7.8,-1.93,63.25,high
170322,88,10322,H,13,,W4,D3,010322_H_W4D3,0,53.9027751,53.9027751,3.260824436,010322_H_W4D3,0.277060058,010322_H_W4D3,3/1/22,10:10:00,2.8,12.1,31.8,8.08,7.8,-3.3,63.25,high
170322,89,10322,H,13,,W4,D4,010322_H_W4D4,0,95.02595187,95.02595187,2.259977332,010322_H_W4D4,0,010322_H_W4D4,3/1/22,10:10:00,2.8,12.5,29.1,7.67,7.9,-5.8,63.25,high
170322,90,10322,H,13,,SW,,010322_H_SW,0.214183212,32.19887625,31.98469304,2.195406551,010322_H_Seawater Grab,0.480548827,010322_H_Seawater Grab,3/1/22,10:18:00,2.69,12.3,32.3,9.05,8.1,2.69,100,high
170322,91,10322,H,13,,MW9,,010322_H_MW9,1.927648911,110.589932,108.6622831,24.89203604,010322_MW-9,0,010322_MW-9,3/1/22,12:33:00,-0.14,16.2,1.3,2.36,7.3,1.16,-52.78,high
170322,92,10322,H,13,,MQ_Blank,,010322_H_MQ_Blank,0,18.49115066,18.49115066,1.355986399,,,,,,,,,,,,,
180322,1,10322,L,14,,W1,D1,010322_L_W1D1,26.20174631,338.1238978,311.9221515,23.53604964,010322_L_W1D1,6.574661705,010322_L_W1D1,3/1/22,17:45:00,-3.73,14,3.2,8.7,8.8,2.76,0,low
180322,2,10322,L,14,,W1,D2,010322_L_W1D2,10.20939979,282.5790515,272.3696517,33.18938139,010322_L_W1D2,15.91549391,010322_L_W1D2,3/1/22,17:45:00,-3.73,14.1,1.5,2.67,8.9,1.76,0,low
180322,3,10322,L,14,,W1,D3,010322_L_W1D3,0.356972021,94.38340223,94.02643021,14.14100102,010322_L_W1D3,0.410983311,010322_L_W1D3,3/1/22,17:45:00,-3.73,14.3,1.7,2.05,8.4,-0.11,0,low
180322,4,10322,L,14,,W1,D4,010322_L_W1D4,0,0.713944041,0.713944041,50.88177536,010322_L_W1D4,23.79483536,010322_L_W1D4,3/1/22,17:45:00,-3.73,14.4,3.7,4.39,8.2,-1.9,0,low
180322,5,10322,L,14,,W2,D1,010322_L_W2D1,14.06469761,293.8593673,279.7946697,22.18006324,010322_L_W2D1,0.344889648,010322_L_W2D1,3/1/22,18:14:00,-3.02,13.4,9.4,3.06,8.6,1.85,15.42,low
180322,6,10322,L,14,,W2,D2,010322_L_W2D2,4.926213883,175.5588397,170.6326258,30.70340632,010322_L_W2D2,4.731912494,010322_L_W2D2,3/1/22,18:14:00,-3.02,13.4,2.9,5.75,8.9,1.14,15.42,low
180322,7,10322,L,14,,W2,D3,010322_L_W2D3,0.428366425,76.74898441,76.32061799,15.59384359,010322_L_W2D3,0.344889648,010322_L_W2D3,3/1/22,18:14:00,-3.02,13.7,6.7,4.03,8.3,-0.73,15.42,low
180322,8,10322,L,14,,W3,D1,010322_L_W3D1,0,224.8923729,224.8923729,5.875941063,010322_L_W3D1,1.294503906,010322_L_W3D1,3/1/22,18:33:00,-2.69,12.2,28.6,8.4,8.1,0.93,33.42,low
180322,9,10322,L,14,,W3,D2,010322_L_W3D2,0,171.7035419,171.7035419,8.426486909,010322_L_W3D2,0.209230468,010322_L_W3D2,3/1/22,18:33:00,-2.69,12.4,22.7,7.9,8.2,0.51,33.42,low
180322,10,10322,L,14,,W3,D3,010322_L_W3D3,0,180.8420256,180.8420256,13.59214938,010322_L_W3D3,0,010322_L_W3D3,3/1/22,18:34:00,-2.44,12.8,5.9,4.38,8.7,-1.07,33.42,low
180322,11,10322,L,14,,W3,D4,010322_L_W3D4,2.213226527,50.3330549,48.11982837,36.61163277,010322_L_W3D4,0.887526367,010322_L_W3D4,3/1/22,18:34:00,-2.44,12.9,8.6,5.88,8,-3.57,33.42,low
180322,12,10322,L,14,,W4,D1,010322_L_W4D1,0,23.98851978,23.98851978,3.293109826,010322_L_W4D1,0,010322_L_W4D1,3/1/22,19:04:00,-1.81,11.9,32.3,8.16,8.1,-1.38,63.25,low
180322,13,10322,L,14,,W4,D2,010322_L_W4D2,0,22.98899812,22.98899812,3.034826703,010322_L_W4D2,0,010322_L_W4D2,3/1/22,19:04:00,-1.81,11.3,32.4,8.44,8.1,-1.93,63.25,low
180322,14,10322,L,14,,W4,D3,010322_L_W4D3,0,47.54867313,47.54867313,6.586219653,010322_L_W4D3,0.887526367,010322_L_W4D3,3/1/22,19:04:00,-1.81,11.2,32.7,8.64,8,-3.3,63.25,low
180322,15,10322,L,14,,W4,D4,010322_L_W4D4,0,39.26692226,39.26692226,3.680534512,010322_L_W4D4,0.141400878,010322_L_W4D4,3/1/22,19:04:00,-1.81,11.5,32.2,8.49,8,-5.8,63.25,low
180322,16,20322,H,15,,W1,D1,020322_H_W1D1,32.12748185,293.5737897,261.4463078,25.89288314,020322_H_W1D1,4.223567885,020322_H_W1D1,3/2/22,11:47:00,2.23,14.1,1.9,7.74,8.7,2.76,0,high
180322,17,20322,H,15,,W1,D2,020322_H_W1D2,9.995216575,261.8032799,251.8080633,35.02964864,020322_H_W1D2,2.380818674,020322_H_W1D2,3/2/22,11:47:00,2.23,14.3,1.7,2.49,8.6,1.76,0,high
180322,18,20322,H,15,,W1,D3,020322_H_W1D3,0.499760829,59.185961,58.68620018,11.20303049,020322_H_W1D3,0,020322_H_W1D3,3/2/22,11:47:00,2.23,14.5,2.1,1.64,7.9,-0.11,0,high
180322,19,20322,H,15,,W1,D4,020322_H_W1D4,0,0,0,59.69568695,020322_H_W1D4,38.09202752,020322_H_W1D4,3/2/22,11:47:00,2.23,14.7,3.6,2.79,8,-1.9,0,high
180322,20,20322,H,15,,W2,D1,020322_H_W2D1,14.35027523,265.7299721,251.3796969,25.27946073,020322_H_W2D1,12.689875,020322_H_W2D1,3/2/22,11:30:00,2.46,13.4,6.3,7.73,8.3,1.85,15.42,high
180322,21,20322,H,15,,W2,D2,020322_H_W2D2,6.568285178,151.8558975,145.2876124,21.46978465,020322_H_W2D2,5.771256835,020322_H_W2D2,3/2/22,11:30:00,2.46,13.5,6,4.11,8.3,1.14,15.42,high
180322,22,20322,H,15,,W2,D3,020322_H_W2D3,0.214183212,67.03934546,66.82516224,11.62274056,020322_H_W2D3,0,020322_H_W2D3,3/2/22,11:30:00,2.46,13.7,6.7,2.15,8,-0.73,15.42,high
180322,23,20322,H,15,,W3,D1,020322_H_W3D1,0.428366425,177.2723054,176.843939,7.716208319,020322_H_W3D1,0,020322_H_W3D1,3/2/22,11:20:00,2.64,12.7,13.8,9.88,8.2,0.93,33.42,high
180322,24,20322,H,15,,W3,D2,020322_H_W3D2,0,153.9977297,153.9977297,10.91246197,020322_H_W3D2,0,020322_H_W3D2,3/2/22,11:20:00,2.64,12.6,10.9,8.01,8.3,0.51,33.42,high
180322,25,20322,H,15,,W3,D3,020322_H_W3D3,0,107.8055502,107.8055502,10.94474736,020322_H_W3D3,0,020322_H_W3D3,3/2/22,11:20:00,2.64,12.7,7.1,5.03,8.2,-1.07,33.42,high
180322,26,20322,H,15,,W3,D4,020322_H_W3D4,2.78438176,31.55632662,28.77194485,39.71103026,020322_H_W3D4,0.955355956,020322_H_W3D4,3/2/22,11:20:00,2.64,13,8.3,4.4,7.6,-3.57,33.42,high
180322,27,20322,H,15,,W4,D1,020322_H_W4D1,0,25.27361905,25.27361905,2.937970531,020322_H_W4D1,2.854584472,020322_H_W4D1,3/2/22,10:54:00,2.98,11.9,32.2,8.69,7.9,-1.38,63.25,high
180322,28,20322,H,15,,W4,D2,020322_H_W4D2,0,18.77672828,18.77672828,2.905685141,020322_H_W4D2,0.480548827,020322_H_W4D2,3/2/22,10:54:00,2.98,11.7,32.4,8.57,7.9,-1.93,63.25,high
180322,29,20322,H,15,,W4,D3,020322_H_W4D3,0,46.04939065,46.04939065,4.035673807,020322_H_W4D3,1.565822265,020322_H_W4D3,3/2/22,10:54:00,2.98,11.5,32.3,8.52,7.8,-3.3,63.25,high
180322,30,20322,H,15,,W4,D4,020322_H_W4D4,0,41.62293759,41.62293759,3.58367834,020322_H_W4D4,0,020322_H_W4D4,3/2/22,10:54:00,2.98,11.7,32.1,8.43,7.7,-5.8,63.25,high
180322,31,20322,L,16,,W1,D1,020322_L_W1D1,32.12748185,263.3739567,231.2464749,24.14947206,020322_L_W1D1,3.46105097,020322_L_W1D1,3/2/22,18:16:00,-3.15,13.9,1.9,6.73,8.9,2.76,0,low
180322,32,20322,L,16,,W1,D2,020322_L_W1D2,10.78055502,213.6120571,202.8315021,35.99821036,020322_L_W1D2,1.681844835,020322_L_W1D2,3/2/22,18:16:00,-3.15,14,1.4,3.29,8.9,1.76,0,low
180322,33,20322,L,16,,W1,D3,020322_L_W1D3,0.214183212,54.61671914,54.40253593,11.52588439,020322_L_W1D3,0,020322_L_W1D3,3/2/22,18:16:00,-3.15,14,3.4,2.62,8.1,-0.11,0,low
180322,34,20322,L,16,,W1,D4,020322_L_W1D4,0,0,0,66.18505043,020322_L_W1D4,36.63053676,020322_L_W1D4,3/2/22,18:16:00,-3.15,14,3.7,6.19,8.2,-1.9,0,low
180322,35,20322,L,16,,W2,D1,020322_L_W2D1,16.63489616,228.8190652,212.184169,19.08066576,020322_L_W2D1,19.20151563,020322_L_W2D1,3/2/22,18:30:00,-3.06,13.2,19.5,7.13,8.1,1.85,15.42,low
180322,36,20322,L,16,,W2,D2,020322_L_W2D2,10.70916062,224.4640065,213.7548459,25.0211776,020322_L_W2D2,5.296449706,020322_L_W2D2,3/2/22,18:30:00,-3.06,13.2,19.5,6.72,8.4,1.14,15.42,low
180322,37,20322,L,16,,W2,D3,020322_L_W2D3,0,80.81846545,80.81846545,11.71959673,020322_L_W2D3,0.480548827,020322_L_W2D3,3/2/22,18:30:00,-3.06,13.6,7.2,4.1,8.3,-0.73,15.42,low
180322,38,20322,L,16,,W3,D1,020322_L_W3D1,0,82.46053674,82.46053674,4.423098492,020322_L_W3D1,1.158844726,020322_L_W3D1,3/2/22,18:43:00,-2.71,12.4,32.7,8.14,7.9,0.93,33.42,low
180322,39,20322,L,16,,W3,D2,020322_L_W3D2,0,157.067689,157.067689,7.716208319,020322_L_W3D2,0,020322_L_W3D2,3/2/22,18:43:00,-2.71,12.4,24.3,8.23,8.1,0.51,33.42,low
180322,40,20322,L,16,,W3,D3,020322_L_W3D3,0,128.795505,128.795505,15.69069976,020322_L_W3D3,0.209230468,020322_L_W3D3,3/2/22,18:43:00,-2.71,12.8,5.4,2.12,8.6,-1.07,33.42,low
180322,41,20322,L,16,,W3,D4,020322_L_W3D4,0.856732849,69.4667552,68.61002235,22.34149019,020322_L_W3D4,0.616208007,020322_L_W3D4,3/2/22,18:43:00,-2.71,12.5,10.7,8.99,8,-3.57,33.42,low
180322,42,20322,L,16,,W4,D1,020322_L_W4D1,0,18.34836186,18.34836186,2.970255922,020322_L_W4D1,1.565822265,020322_L_W4D1,3/2/22,19:00:00,-2.3,12.4,32.2,8.38,8,-1.38,63.25,low
180322,43,20322,L,16,,W4,D2,020322_L_W4D2,0,18.13417864,18.13417864,3.745105293,020322_L_W4D2,1.362333495,020322_L_W4D2,3/2/22,19:00:00,-2.3,11.8,32.2,8.34,8,-1.93,63.25,low
180322,44,20322,L,16,,W4,D3,020322_L_W4D3,0,35.83999086,35.83999086,3.58367834,020322_L_W4D3,1.091015136,020322_L_W4D3,3/2/22,19:00:00,-2.3,11.2,32.5,8.67,7.9,-3.3,63.25,low
180322,45,20322,L,16,,W4,D4,020322_L_W4D4,0,32.41305946,32.41305946,3.809676074,020322_L_W4D4,0.073571288,020322_L_W4D4,3/2/22,19:00:00,-2.3,11.7,32.3,8.56,7.9,-5.8,63.25,low
180322,46,30322,H,17,,W1,D1,030322_H_W1D1,10.3521886,181.5559696,171.203781,30.86483327,030322_H_W1D1,1.491215607,030322_H_W1D1,3/3/22,13:02:00,1.58,13.9,1.9,6.57,8.8,2.76,0,high
180322,47,30322,H,17,,W1,D2,030322_H_W1D2,3.569720205,175.5588397,171.9891195,31.8011096,030322_H_W1D2,1.237043302,030322_H_W1D2,3/3/22,13:02:00,1.58,13.9,1.7,8.53,8.8,1.76,0,high
180322,48,30322,H,17,,W1,D3,030322_H_W1D3,0,55.40205759,55.40205759,15.75527054,030322_H_W1D3,0,030322_H_W1D3,3/3/22,13:03:00,1.58,14.1,3.6,4.25,8,-0.11,0,high
180322,49,30322,H,17,,W1,D4,030322_H_W1D4,0,0,0,86.81541493,030322_H_W1D4,37.13888137,030322_H_W1D4,3/3/22,13:03:00,1.58,14.2,3.7,8.22,8.2,-1.9,0,high
180322,50,30322,H,17,,W2,D1,030322_H_W2D1,26.1303519,274.4400894,248.3097375,13.5275786,030322_H_W2D1,34.39534375,030322_H_W2D1,3/3/22,12:36:00,2.14,13.6,31.1,6.93,7.9,1.85,15.42,high
180322,51,30322,H,17,,W2,D2,030322_H_W2D2,18.56254507,186.1252115,167.5626664,14.98042117,030322_H_W2D2,20.15112988,030322_H_W2D2,3/3/22,12:36:00,2.14,13.5,32.8,4.43,7.9,1.14,15.42,high
180322,52,30322,H,17,,W2,D3,030322_H_W2D3,4.140875438,126.7250673,122.5841919,11.13845971,030322_H_W2D3,1.362333495,030322_H_W2D3,3/3/22,12:37:00,2.14,13.9,18.7,2.79,7.9,-0.73,15.42,high
180322,53,30322,H,17,,W3,D1,030322_H_W3D1,0,148.928727,148.928727,6.747646605,030322_H_W3D1,0,030322_H_W3D1,3/3/22,12:12:00,2.5,12.9,20.6,8.95,8.1,0.93,33.42,high
180322,54,30322,H,17,,W3,D2,030322_H_W3D2,0,167.3484832,167.3484832,9.491904793,030322_H_W3D2,0,030322_H_W3D2,3/3/22,12:12:00,2.5,13.1,23.3,8.16,8.1,0.51,33.42,high
180322,55,30322,H,17,,W3,D3,030322_H_W3D3,0,94.09782461,94.09782461,12.26844837,030322_H_W3D3,0.344889648,030322_H_W3D3,3/3/22,12:12:00,2.5,13.2,6.3,4.08,8.4,-1.07,33.42,high
180322,56,30322,H,17,,W3,D4,030322_H_W3D4,1.070916062,46.9061235,45.83520744,41.09930205,030322_H_W3D4,2.040629394,030322_H_W3D4,3/3/22,12:12:00,2.5,13.3,9.8,7.93,7.9,-3.57,33.42,high
180322,57,30322,H,17,,W4,D1,030322_H_W4D1,0,20.41879957,20.41879957,2.87339975,030322_H_W4D1,0,030322_H_W4D1,3/3/22,11:45:00,2.86,12.3,32.1,8.58,7.9,-1.38,63.25,high
180322,58,30322,H,17,,W4,D2,030322_H_W4D2,0,25.55919667,25.55919667,3.196253655,030322_H_W4D2,0,030322_H_W4D2,3/3/22,11:45:00,2.86,12.5,32.2,8.42,7.9,-1.93,63.25,high
180322,59,30322,H,17,,W4,D3,030322_H_W4D3,0,38.76716143,38.76716143,3.486822169,030322_H_W4D3,0,030322_H_W4D3,3/3/22,11:45:00,2.86,12,32.3,8.55,7.8,-3.3,63.25,high
180322,60,30322,H,17,,W4,D4,030322_H_W4D4,0,37.98182298,37.98182298,3.648249121,030322_H_W4D4,0,030322_H_W4D4,3/3/22,11:45:00,2.86,12,32.1,8.7,7.8,-5.8,63.25,high
180322,61,30322,H,17,,SW,,030322_H_SW,0.428366425,15.34979688,14.92143046,2.13083577,030322_H_Seawater Grab,0.887526367,030322_H_Seawater Grab,3/3/22,11:44:00,2.86,12,31.9,9.14,8.1,2.86,100,high
180322,62,30322,H,17,,MQ_Blank,,030322_H_MQ_Blank,0,0,0,0.645707809,,,,,,,,,,,,,
180322,63,30322,L,18,,W1,D1,030322_L_W1D1,4.926213883,171.7749363,166.8487224,24.56918214,,,030322_L_W1D1,3/3/22,18:46:00,-2.57,13.8,2.5,7.09,8.8,2.76,0,low
180322,64,30322,L,18,,W1,D2,030322_L_W1D2,2.998564972,184.7687178,181.7701529,33.31852295,,,030322_L_W1D2,3/3/22,18:46:00,-2.57,13.9,1.4,2.52,8.9,1.76,0,low
,,30322,L,18,,W1,D3,,,,,,,,030322_L_W1D3,3/3/22,18:46:00,-2.57,14.1,4.1,1.75,8,-0.11,0,low
180322,65,30322,L,18,,W1,D4,030322_L_W1D4,0,0,0,60.85796101,,,030322_L_W1D4,3/3/22,18:46:00,-2.57,14,3.6,5.77,8.3,-1.9,0,low
180322,66,30322,L,18,,W2,D1,030322_L_W2D1,13.20796476,228.6762764,215.4683116,16.85297382,,,030322_L_W2D1,3/3/22,19:25:00,-1.99,13.1,17.1,7.44,8.4,1.85,15.42,low
180322,67,30322,L,18,,W2,D2,030322_L_W2D2,10.423583,164.8496791,154.4260961,15.85212671,,,030322_L_W2D2,3/3/22,19:25:00,-1.99,12.9,16.9,4.98,8.3,1.14,15.42,low
180322,68,30322,L,18,,W2,D3,030322_L_W2D3,0,92.24157011,92.24157011,10.97703275,,,030322_L_W2D3,3/3/22,19:25:00,-1.99,13.2,11,2.41,8.2,-0.73,15.42,low
180322,69,30322,L,18,,W3,D1,030322_L_W3D1,0,58.82898898,58.82898898,8.039062223,,,030322_L_W3D1,3/3/22,20:00:00,-1.22,12.3,24.1,8.85,NA,0.93,33.42,low
180322,70,30322,L,18,,W3,D2,030322_L_W3D2,0,156.5679282,156.5679282,73.25555094,,,030322_L_W3D2,3/3/22,20:00:00,-1.22,12.4,18.9,8.36,8.3,0.51,33.42,low
180322,71,30322,L,18,,W3,D3,030322_L_W3D3,0,111.9464256,111.9464256,14.43156953,,,030322_L_W3D3,3/3/22,20:00:00,-1.22,12.7,4.7,1.91,8.6,-1.07,33.42,low
180322,72,30322,L,18,,W3,D4,030322_L_W3D4,0.713944041,51.33257655,50.61863251,35.86906879,,,030322_L_W3D4,3/3/22,20:00:00,-1.22,12.9,10.4,4.23,7.9,-3.57,33.42,low
180322,73,30322,L,18,,W4,D1,030322_L_W4D1,0,41.7657264,41.7657264,3.228539045,,,030322_L_W4D1,3/3/22,20:35:00,-0.32,12.2,32.1,7.78,8,-1.38,63.25,low
180322,74,30322,L,18,,W4,D2,030322_L_W4D2,0,34.7690748,34.7690748,3.486822169,,,030322_L_W4D2,3/3/22,20:35:00,-0.32,12,31.9,7.83,8,-1.93,63.25,low
180322,75,30322,L,18,,W4,D3,030322_L_W4D3,0,34.19791957,34.19791957,4.132529978,,,030322_L_W4D3,3/3/22,20:35:00,-0.32,11.5,32.2,8.26,8,-3.3,63.25,low
180322,76,30322,L,18,,W4,D4,030322_L_W4D4,0,32.55584827,32.55584827,5.230233254,,,030322_L_W4D4,3/3/22,20:35:00,-0.32,11.5,32.2,8.57,7.9,-5.8,63.25,low
180322,77,30322,L,18,,SW,,030322_L_SW,0.356972021,12.1370487,11.78007668,6.844502776,,,030322_L_Seawater Grab,3/3/22,19:28:00,-1.87,11.7,32.2,8.55,8.1,-1.87,150,low
180322,78,30322,L,18,,MQ_Blank,,030322_L_MQ_Blank,0,16.56350175,16.56350175,2.87339975,,,,,,,,,,,,,
,,,,,,,,,,,,,,,230222_H_Seawater,2/23/22,17:45:00,0.07,10.8,33,9.02,8.1,0.07,100,high
,,,,,,,,,,,,,,,240222_L_Seawater,2/24/22,11:02:00,-3.13,12.7,33.4,8.79,7.6,-3.13,150,low
,,,,,,,,,,,,,,,240222_L_Seawater,2/24/22,14:20:00,-2.15,13.1,33.1,8.72,7.5,-2.15,150,low
,,,,,,,,,,,,,,,250222_H_Seawater,2/25/22,6:09:00,2.44,9.6,32.8,10.33,8,2.44,100,high
,,,,,,,,,,,,,,,250222_L_Seawater,2/25/22,16:15:00,-1.68,13.2,32.5,8.78,7.9,-1.68,150,low
,,,,,,,,,,,,,,,260222_H_Seawater,2/26/22,8:28:00,1.6,10.4,33.1,8.94,7.9,1.6,100,high
,,,,,,,,,,,,,,,260222_L_Seawater,2/26/22,15:58:00,-2.89,12.4,33.1,8.83,7.7,-2.89,150,low
,,,,,,,,,,,,,,,280222_H_Seawater,2/28/22,8:37:00,3.1,11.7,32.5,8.77,7.8,3.1,100,high
,,,,,,,,,,,,,,,280222_L_Seawater,2/28/22,17:22:00,-3.46,14,32.1,8.6,8.1,-3.46,150,low
,,,,,,,,,,,,,,,010322_L_Seawater,3/1/22,19:10:00,-1.69,12.1,32.5,8.95,8.2,-1.69,150,low
,,,,,,,,,,,,,,,020322_H_Seawater,3/2/22,11:13:00,2.91,12.3,32,9.15,7.9,2.91,100,high
,,,,,,,,,,,,,,,020322_L_Seawater,3/2/22,18:56:00,-2.34,12,31.8,8.86,8.1,-2.34,150,low